Date,HIGH,CLOSE,LOW,OPEN,COUNT,VOLUME
2020-03-19,12.0,12.0,12.0,12.0,1,100
2020-03-20,13.0,12.75,12.0,13.0,6,1448
2020-03-23,12.75,11.54,11.5,12.75,21,2780
2020-03-24,12.9,11.7,11.5,12.9,247,40162
2020-03-25,13.45,13.45,11.8,11.8,49,5963
2020-03-26,15.45,15.45,14.0,14.0,109,17864
2020-03-27,16.0,14.55,14.55,15.5,58,6183
2020-03-30,16.1,15.9,15.25,15.25,177,19012
2020-03-31,17.25,17.25,14.56,16.39,276,51865
2020-04-01,16.0,15.05,14.56,16.0,565,78677
2020-04-02,15.5,13.28,12.12,15.5,3865,7510321
2020-04-03,16.99,16.92,13.43,13.75,15856,38171227
2020-04-06,17.15,15.44,14.85,16.77,14358,4421437
2020-04-07,15.79,15.25,14.63,15.2,10972,2938819
2020-04-08,15.25,14.26,13.73,14.5,13519,6782062
2020-04-09,15.5,14.78,13.92,13.95,13740,5936128
2020-04-13,14.45,13.99,13.98,14.44,5912,2679074
2020-04-14,14.19,13.87,13.78,14.0,5609,3020389
2020-04-15,13.64,13.36,12.96,13.53,5431,2067749
2020-04-16,13.22,12.89,12.26,13.15,5568,2613156
2020-04-17,13.83,13.74,12.93,13.3,5330,3251488
2020-04-20,14.74,14.45,13.51,13.6,6605,2438333
2020-04-21,15.25,14.69,14.19,14.22,6398,2389473
2020-04-22,15.16,14.79,14.23,14.95,4680,1508846
2020-04-23,15.92,15.72,14.63,14.7,5228,1746515
2020-04-24,16.67,16.25,15.3,15.6,7471,3554099
2020-04-27,16.81,16.8,15.985,16.35,5013,1860237
2020-04-28,17.75,17.0,16.62,16.88,6014,1935084
2020-04-29,18.08,17.64,17.175,17.46,7860,2497230
2020-04-30,17.81,17.71,17.0,17.22,5251,8522402
2020-05-01,17.35,16.77,16.63,17.33,3712,2109797
2020-05-04,16.515,16.4,15.7,16.15,2985,1340914
2020-05-05,16.73,15.97,15.845,16.68,3984,1214520
2020-05-06,16.37,16.29,15.44,16.0,4530,2572953
2020-05-07,17.02,16.41,15.885,16.21,4629,1568770
2020-05-08,18.4,18.36,16.935,17.04,7787,2920168
2020-05-11,18.74,18.35,18.03,18.49,4045,1364386
2020-05-12,18.39,17.8,17.7,18.39,3272,1366508
2020-05-13,17.41,16.44,16.12,17.21,4925,1537963
2020-05-14,16.715,16.55,15.72,16.02,3097,1230860
2020-05-15,16.95,16.71,16.03,16.3,3321,1087202
2020-05-18,17.72,17.55,17.29,17.3,2324,995956
2020-05-19,17.92,17.77,17.17,17.44,2679,1466030
2020-05-20,19.04,18.73,18.16,18.16,6236,1912037
2020-05-21,19.52,19.45,18.5,18.54,4955,1987022
2020-05-22,19.86,19.05,18.95,19.47,4138,1063433
2020-05-26,20.59,19.51,19.34,19.58,4310,1143129
2020-05-27,20.13,19.99,19.44,19.47,6006,1653726
2020-05-28,20.46,19.6,19.505,20.03,6128,2203133
2020-05-29,20.98,20.47,18.93,18.96,8198,21423078
2020-06-01,21.95,21.82,20.55,20.55,5921,2106432
2020-06-02,21.82,21.36,20.92,21.69,4936,1607686
2020-06-03,22.58,22.22,21.38,21.44,5680,2057475
2020-06-04,23.12,22.68,22.03,22.03,6366,1747082
2020-06-05,24.4,23.56,23.38,23.54,6117,1823193
2020-06-08,24.38,24.37,23.31,23.56,5397,1727312
2020-06-09,23.96,23.21,23.21,23.9,5227,1521771
2020-06-10,23.14,22.2,22.04,22.31,8340,2234645
2020-06-11,21.79,21.06,20.0,20.16,6428,1981831
2020-06-12,22.3,21.54,21.03,22.0,4896,1488885
2020-06-15,22.54,21.97,20.64,20.72,7247,2297762
2020-06-16,22.96,22.07,21.93,22.96,6733,1657506
2020-06-17,22.32,21.26,21.08,22.17,4753,1432547
2020-06-18,21.85,21.25,21.0,21.0,3061,1171424
2020-06-19,21.785,21.45,21.01,21.76,4936,8367084
2020-06-22,22.82,22.74,21.31,21.52,4954,1467840
2020-06-23,23.22,22.39,22.33,23.12,5125,1444829
2020-06-24,22.65,21.82,21.46,22.1,5520,1485393
2020-06-25,21.86,21.52,21.04,21.62,6169,1494664
2020-06-26,21.73,20.97,20.6,21.52,5653,11132416
2020-06-29,22.46,22.12,21.0,21.08,4692,2432863
2020-06-30,22.4,22.22,21.41,21.81,4531,1731490
2020-07-01,23.0,22.61,21.87,22.32,6174,1851769
2020-07-02,23.21,22.91,22.575,22.99,3490,1005113
2020-07-06,24.29,24.21,23.13,23.13,4196,1728104
2020-07-07,24.17,24.01,23.76,23.76,2911,1363487
2020-07-08,24.08,23.99,23.47,23.88,3728,1396220
2020-07-09,24.22,23.91,23.76,24.0,3922,1235048
2020-07-10,26.0,24.89,23.73,23.84,5493,1824934
2020-07-13,25.19,24.28,23.26,24.99,5431,1921561
2020-07-14,25.16,25.15,24.27,24.3,4336,1577465
2020-07-15,26.56,26.45,25.55,25.58,3590,885779
2020-07-16,26.99,26.61,25.95,26.12,2721,635644
2020-07-17,26.9,26.48,26.35,26.89,2645,965476
2020-07-20,26.54,26.41,26.065,26.22,2530,717575
2020-07-21,26.8,26.57,26.165,26.29,3081,869784
2020-07-22,27.06,26.6,26.34,26.34,2868,1009110
2020-07-23,27.62,27.35,26.55,26.66,3701,1223283
2020-07-24,27.26,26.58,26.55,27.25,2648,727232
2020-07-27,26.78,26.25,26.08,26.5,3864,1131866
2020-07-28,26.38,26.07,25.86,26.07,3817,878071
2020-07-29,27.72,27.18,26.11,26.11,6479,2435849
2020-07-30,27.46,26.9,25.65,25.8,4328,1081859
2020-07-31,27.35,27.24,26.63,26.85,3527,4262362
2020-08-03,27.89,27.62,27.01,27.24,3094,830341
2020-08-04,27.86,27.77,27.18,27.4,3089,777909
2020-08-05,28.17,28.11,27.66,27.66,3099,1043612
2020-08-06,28.52,28.27,27.96,28.02,3066,617527
2020-08-07,29.02,28.97,28.44,28.72,3384,780373
2020-08-10,29.56,29.46,28.91,29.0,2440,833796
2020-08-11,30.31,29.49,29.45,30.16,3835,913434
2020-08-12,30.19,29.79,29.64,29.87,2554,547598
2020-08-13,30.27,29.54,29.38,29.9,2467,951318
2020-08-14,30.035,29.52,29.285,29.71,3340,1019390
2020-08-17,30.175,29.84,29.16,29.5,3422,923696
2020-08-18,30.04,29.46,29.37,29.72,3020,638404
2020-08-19,29.67,29.25,29.125,29.54,2854,867288
2020-08-20,29.4,29.01,28.75,29.03,2813,652643
2020-08-21,29.815,29.52,29.16,29.16,2029,713170
2020-08-24,30.44,30.38,29.76,29.76,2375,620295
2020-08-25,30.805,30.47,30.41,30.5,2769,617014
2020-08-26,31.23,31.03,30.41,30.47,2939,717466
2020-08-27,31.2,30.28,30.17,31.07,2721,755580
2020-08-28,30.475,30.3,29.96,30.38,3067,710459
2020-08-31,30.44,29.85,29.83,30.19,2630,1187758
2020-09-01,30.36,30.3,29.2,29.66,2730,760191
2020-09-02,30.95,30.78,29.9,30.22,2870,840679
2020-09-03,30.69,29.33,28.97,30.5,5153,1169697
2020-09-04,30.09,30.0,28.84,29.54,3739,1013096
2020-09-08,30.23,29.57,29.25,29.35,4464,1057573
2020-09-09,30.34,30.13,29.59,29.93,3354,792320
2020-09-10,30.01,29.14,28.58,29.9,6833,1719519
2020-09-11,29.64,29.24,29.02,29.17,3970,978263
2020-09-14,29.43,29.15,28.84,29.4,3981,1389160
2020-09-15,30.035,29.69,29.32,29.48,3704,945829
2020-09-16,30.53,30.25,29.525,30.16,3439,1223637
2020-09-17,30.695,30.66,29.38,29.77,4066,1169723
2020-09-18,31.195,30.79,30.5,30.5,5938,3861617
2020-09-21,30.74,29.51,29.23,30.37,3995,1424535
2020-09-22,30.32,30.26,29.49,29.49,2989,1754589
2020-09-23,30.4,29.11,29.1,30.4,2995,819323
2020-09-24,29.95,29.88,28.79,29.12,3321,876229
2020-09-25,30.5,30.49,29.39,29.4,2287,698442
2020-09-28,31.54,30.74,30.45,30.75,3775,849579
2020-09-29,30.69,30.5,30.08,30.51,4940,2445111
2020-09-30,31.24,30.54,30.355,30.61,7487,2055944
2020-10-01,31.04,30.77,30.55,30.72,5611,1478276
2020-10-02,31.52,31.23,30.3,30.34,2158,775477
2020-10-05,32.47,32.08,31.64,31.64,3473,1675717
2020-10-06,32.39,31.51,31.47,32.34,3256,753580
2020-10-07,32.25,32.12,31.92,31.93,2039,681145
2020-10-08,32.45,31.95,31.64,32.31,2396,652799
2020-10-09,32.55,32.23,31.72,31.91,2141,595125
2020-10-12,33.155,33.0,32.22,32.59,2525,757144
2020-10-13,33.43,32.49,32.05,33.3,3133,741085
2020-10-14,33.02,32.51,32.43,32.68,2837,1014558
2020-10-15,32.66,32.6,32.02,32.09,2229,589528
2020-10-16,33.27,32.76,32.43,32.92,2531,1017230
2020-10-19,33.0,32.32,32.07,32.8,3458,889389
2020-10-20,33.8,33.23,32.45,32.45,2894,645235
2020-10-21,33.42,33.35,32.94,33.06,2070,774989
2020-10-22,34.1,33.89,33.22,33.22,2984,918071
2020-10-23,34.955,34.93,33.88,33.9,2646,847732
2020-10-26,34.45,33.71,33.28,34.45,4194,1293365
2020-10-27,33.94,33.6,33.15,33.83,3059,831965
2020-10-28,33.74,33.3,32.86,32.93,4489,1501265
2020-10-29,34.78,34.07,32.95,33.79,7996,2640246
2020-10-30,34.88,33.39,33.02,33.97,4318,2945155
2020-11-02,35.12,35.1,33.9,34.0,4233,1301977
2020-11-03,37.0,36.95,35.45,35.45,3914,1023687
2020-11-04,37.37,36.78,35.54,35.93,5515,1507680
2020-11-05,38.29,38.2,37.41,37.75,3767,1641541
2020-11-06,39.01,38.95,38.16,38.53,3323,965436
2020-11-09,41.15,38.8,38.68,41.0,5034,2098430
2020-11-10,39.35,37.81,37.58,39.03,5368,1027131
2020-11-11,38.69,38.06,37.89,38.4,3700,1244884
2020-11-12,38.92,37.96,37.8,38.0,6283,1448179
2020-11-13,38.61,38.29,38.16,38.23,4905,1267768
2020-11-16,40.51,40.5,38.48,39.24,4547,1355032
2020-11-17,41.32,40.36,39.88,41.32,5354,1500974
2020-11-18,40.55,39.39,39.38,40.28,3891,2237858
2020-11-19,39.21,39.13,38.52,39.0,5457,1647975
2020-11-20,39.08,38.54,38.22,38.93,3938,1038559
2020-11-23,39.13,38.77,38.42,39.0,3931,1240870
2020-11-24,39.565,39.37,38.43,38.9,5715,1761034
2020-11-25,39.14,38.61,38.525,39.06,3576,1722871
2020-11-27,38.83,37.81,37.47,38.69,3053,776129
2020-11-30,38.47,38.07,37.41,37.75,8479,13184167
2020-12-01,38.76,37.6,37.56,38.64,7341,1896911
2020-12-02,37.24,36.83,36.57,37.19,5668,1605571
2020-12-03,37.77,36.69,36.605,37.19,5644,1297477
2020-12-04,37.95,37.7,37.06,37.2,3973,1351833
2020-12-07,37.65,36.84,36.71,37.55,3626,1541951
2020-12-08,37.57,37.3,36.61,36.64,3490,1331820
2020-12-09,37.99,37.84,37.39,37.43,3583,1166886
2020-12-10,38.47,37.54,37.49,37.67,4142,1130969
2020-12-11,37.39,37.16,36.77,37.16,2972,777604
2020-12-14,37.5,36.62,36.53,37.5,2960,2559385
2020-12-15,37.91,37.67,36.52,37.1,3407,1036452
2020-12-16,38.02,38.0,37.35,37.73,3877,1523347
2020-12-17,38.865,38.7,38.25,38.41,3298,1050742
2020-12-18,38.84,38.79,37.62,38.75,5839,5216546
2020-12-21,38.72,38.52,37.94,38.07,2892,907028
2020-12-22,38.4,38.03,37.88,38.29,2036,1642555
2020-12-23,38.39,38.16,37.8,38.12,2430,845564
2020-12-24,38.21,37.89,37.86,37.91,1390,322896
2020-12-28,39.43,37.76,37.75,38.11,3731,747716
2020-12-29,38.13,37.17,36.68,38.0,3945,974497
2020-12-30,37.8,37.73,37.27,37.31,2249,644664
2020-12-31,37.8,37.72,36.93,37.62,2666,892216
2021-01-04,38.38,37.03,36.99,38.35,5459,1661947
2021-01-05,38.17,37.94,37.0,37.0,3482,976249
2021-01-06,40.25,40.05,38.34,38.37,4870,1102477
2021-01-07,41.18,41.09,40.0,40.46,3935,1065660
2021-01-08,41.35,40.69,40.0,41.2,3724,2979885
2021-01-11,41.84,41.57,39.85,39.88,3449,930834
2021-01-12,41.94,41.74,41.08,41.56,3725,1175981
2021-01-13,41.88,41.38,40.84,41.39,2578,939808
2021-01-14,41.56,40.8,40.73,41.4,3040,926791
2021-01-15,40.6,40.38,39.575,40.6,4283,1593702
2021-01-19,40.93,40.37,40.2,40.7,2843,925497
2021-01-20,40.41,40.04,39.695,40.41,3914,2216548
2021-01-21,40.4,39.74,39.22,40.4,4139,1233141
2021-01-22,40.1,39.51,39.11,39.2,2654,847608
2021-01-25,39.05,38.89,37.2,38.75,7293,2129148
2021-01-26,39.04,37.32,37.3,38.89,4105,908684
2021-01-27,36.77,36.23,34.23,36.47,7230,1814465
2021-01-28,38.45,38.2,36.49,36.81,7138,1684462
2021-01-29,38.79,38.5,37.78,37.89,6873,9975180
2021-02-01,39.4,38.66,38.56,39.1,5067,1461842
2021-02-02,39.39,38.48,38.43,39.12,3688,756327
2021-02-03,38.62,38.15,37.97,38.3,3258,1032456
2021-02-04,38.53,38.33,37.87,38.37,2806,870639
2021-02-05,39.98,39.15,38.2,38.25,4869,1329029
2021-02-08,40.11,39.7,39.38,39.53,3679,1402043
2021-02-09,38.25,37.25,36.99,37.06,9329,2341174
2021-02-10,37.95,37.19,36.8,37.66,6990,1516827
2021-02-11,37.47,37.2,36.63,37.3,5841,2138220
2021-02-12,37.4,37.28,36.77,37.0,5097,1260086
2021-02-16,37.52,37.41,36.78,37.46,4359,1162655
2021-02-17,37.365,37.24,36.7,37.23,3845,1117687
2021-02-18,37.23,36.65,36.38,37.09,3722,841866
2021-02-19,37.76,37.64,36.96,37.0,3894,946705
2021-02-22,37.86,37.3,37.28,37.41,4120,888657
2021-02-23,37.19,37.1,35.84,36.97,5068,1076027
2021-02-24,37.5,37.45,36.7,36.86,3973,1114300
2021-02-25,37.27,36.14,35.94,37.07,5515,1106676
2021-02-26,36.98,36.53,36.06,36.39,5492,1811556
2021-03-01,37.56,37.2,36.745,36.76,6292,1561948
2021-03-02,37.4,37.14,36.68,37.4,6826,1597182
2021-03-03,37.57,37.12,36.63,36.85,5693,1213426
2021-03-04,37.19,35.52,35.07,36.95,10107,2329316
2021-03-05,37.04,36.94,34.75,36.12,8340,1646827
2021-03-08,37.79,37.06,36.3,36.79,6799,1466650
2021-03-09,37.71,37.12,37.105,37.35,4741,1507753
2021-03-10,39.09,38.78,37.48,37.61,8367,2081039
2021-03-11,39.56,39.23,38.625,39.27,3892,1161249
2021-03-12,39.62,39.59,38.92,39.0,3453,726739
2021-03-15,39.73,39.6,39.11,39.22,3261,962077
2021-03-16,39.62,38.57,38.32,39.62,4089,1517061
2021-03-17,39.36,39.35,38.455,38.92,3966,1207861
2021-03-18,41.59,41.0,39.52,39.52,7251,1893743
2021-03-19,41.31,40.91,40.6,41.3,4914,3144525
2021-03-22,41.69,41.41,39.87,40.62,7566,2127521
2021-03-23,41.48,40.29,40.06,40.92,11259,2637524
2021-03-24,41.23,40.14,40.14,40.5,9287,1613014
2021-03-25,40.47,40.35,39.58,40.19,7167,1428690
2021-03-26,41.13,41.09,39.84,40.82,4851,1202874
2021-03-29,42.98,42.34,41.96,42.21,7022,2122318
2021-03-30,42.91,42.36,41.8,42.07,5042,1202843
2021-03-31,43.47,42.22,42.04,43.0,5507,2394977
2021-04-01,42.39,42.02,41.86,42.23,5216,1221338
2021-04-05,42.91,42.58,42.33,42.39,7082,1915565
2021-04-06,43.3,42.81,42.36,42.64,9134,2021112
2021-04-07,42.84,42.69,42.15,42.56,6990,1537573
2021-04-08,43.0,42.53,42.06,42.58,6334,1528275
2021-04-09,43.04,42.75,42.26,42.85,7555,1579008
2021-04-12,43.005,42.6,42.48,42.8,7106,2411894
2021-04-13,43.37,43.16,42.24,42.49,6486,2139325
2021-04-14,43.78,43.13,43.06,43.13,7833,1766781
2021-04-15,43.77,43.59,42.7,43.2,7143,1674977
2021-04-16,44.25,43.88,43.46,43.92,5796,1758662
2021-04-19,44.645,43.87,43.68,44.0,6572,2261411
2021-04-20,43.67,42.52,42.01,43.58,6599,1499596
2021-04-21,43.125,43.06,42.2,42.5,5589,1223757
2021-04-22,43.71,43.09,42.87,43.24,7636,1769070
2021-04-23,44.56,44.47,43.1,43.36,4604,1377285
2021-04-26,45.13,44.1,44.03,44.83,4066,1152288
2021-04-27,45.03,44.96,44.0,44.15,7073,1735183
2021-04-28,45.315,44.49,44.48,44.94,8526,2487852
2021-04-29,44.88,44.15,43.39,43.97,13128,2905933
2021-04-30,43.8,43.58,43.0,43.68,5835,1716040
2021-05-03,44.16,43.46,43.2,44.12,6859,1615394
2021-05-04,43.36,43.13,42.78,43.16,7168,2456511
2021-05-05,43.77,43.27,43.17,43.47,5475,1672850
2021-05-06,44.19,44.16,43.23,43.34,5204,1721606
2021-05-07,45.265,44.84,43.92,44.12,4103,1291400
2021-05-10,45.64,45.41,44.89,44.89,5145,1561517
2021-05-11,45.12,44.5,44.01,45.12,8270,2131385
2021-05-12,44.42,42.43,42.39,44.24,7917,1837673
2021-05-13,43.63,43.25,42.51,42.68,6862,1232953
2021-05-14,44.07,43.64,43.47,43.61,6777,1486705
2021-05-17,44.32,44.17,43.48,43.52,8679,1792403
2021-05-18,44.4,43.66,43.55,44.4,6965,1635710
2021-05-19,43.63,43.44,42.7,43.02,8518,1776219
2021-05-20,44.07,43.89,43.21,43.56,6709,1366016
2021-05-21,44.72,43.88,43.87,44.17,5937,1719583
2021-05-24,44.67,44.38,43.93,44.08,6750,1789048
2021-05-25,45.18,44.72,44.57,44.65,6250,2252391
2021-05-26,45.03,44.72,44.53,44.78,5157,2354966
2021-05-27,45.47,45.31,44.85,45.12,4923,7598703
2021-05-28,46.12,45.93,45.42,45.8,5345,1580355
2021-06-01,47.08,46.85,46.585,46.8,6058,1635571
2021-06-02,46.91,46.05,45.91,46.76,6280,1955432
2021-06-03,46.18,45.73,45.14,45.73,5147,1401362
2021-06-04,46.02,45.89,45.77,45.95,3615,1581186
2021-06-07,46.37,46.06,45.875,46.18,3265,858133
2021-06-08,46.46,46.36,45.79,46.2,3596,1220263
2021-06-09,46.53,46.19,45.991,46.3,3700,1934714
2021-06-10,46.63,45.86,45.79,46.41,4067,2102509
2021-06-11,46.28,46.1,45.66,46.17,2945,923509
2021-06-14,46.285,46.21,45.77,46.1,3610,922191
2021-06-15,46.6,46.53,45.84,46.29,3989,1143321
2021-06-16,47.13,46.91,46.48,46.73,6956,1892984
2021-06-17,46.9,46.13,45.12,46.9,7322,2128429
2021-06-18,45.855,45.05,45.025,45.43,6170,3397272
2021-06-21,46.61,46.5,45.4,45.4,4269,1118458
2021-06-22,46.69,46.11,46.01,46.6,5137,1529647
2021-06-23,46.63,46.1,45.7,46.5,3745,1041456
2021-06-24,46.38,46.22,45.955,46.25,3087,793384
2021-06-25,47.16,47.06,46.24,46.33,3514,2511693
2021-06-28,47.94,47.88,46.7,47.06,4271,1445070
2021-06-29,49.095,48.71,48.03,48.03,7313,2229952
2021-06-30,48.98,48.6,48.26,48.46,4462,1808147
2021-07-01,48.87,48.75,48.33,48.62,3677,1096905
2021-07-02,48.89,48.52,48.44,48.8,3048,896616
2021-07-06,48.61,48.17,47.63,48.61,4236,1233372
2021-07-07,49.05,48.83,48.02,48.15,4729,1347441
2021-07-08,48.42,48.05,47.54,47.81,4506,1233872
2021-07-09,48.86,48.27,48.21,48.55,4095,992402
2021-07-12,49.27,49.21,48.0,48.5,4486,2485874
2021-07-13,49.61,49.23,49.03,49.09,5152,1450175
2021-07-14,49.71,49.0,48.9,49.57,3877,933013
2021-07-15,49.665,49.56,48.73,48.73,4948,984168
2021-07-16,49.805,49.08,49.0,49.56,4733,1116754
2021-07-19,48.5,48.25,47.67,48.31,4732,1071566
2021-07-20,50.065,49.9,48.35,48.48,4744,1471366
2021-07-21,50.58,50.45,49.94,49.94,3806,1036662
2021-07-22,51.01,50.81,50.23,50.5,5765,1635188
2021-07-23,51.96,51.9,50.96,50.96,4515,975625
2021-07-26,52.05,51.51,51.27,51.8,3811,935270
2021-07-27,52.41,51.96,51.29,51.5,5324,1113953
2021-07-28,52.29,51.57,51.53,51.87,5798,1400315
2021-07-29,54.07,53.94,52.2,52.54,5856,1492019
2021-07-30,55.5,55.25,53.98,54.09,7527,2185420
2021-08-02,56.03,54.61,54.49,55.22,5136,1134140
2021-08-03,57.25,57.18,54.99,54.99,5101,1443520
2021-08-04,57.89,57.04,56.54,56.6,5398,1210681
2021-08-05,57.53,56.32,55.92,57.36,5265,1396018
2021-08-06,56.79,56.38,55.86,56.52,5826,1377881
2021-08-09,56.52,56.24,55.96,56.09,3284,729106
2021-08-10,57.5,56.61,56.3,56.4,4019,1167254
2021-08-11,57.01,56.89,56.08,56.78,5036,1010888
2021-08-12,56.57,55.98,55.68,56.34,4741,1159141
2021-08-13,56.245,56.15,55.74,55.94,3265,863498
2021-08-16,56.82,56.6,55.63,55.99,3094,643429
2021-08-17,56.12,55.15,54.38,55.95,4905,936211
2021-08-18,55.99,55.17,55.04,55.13,4063,748378
2021-08-19,55.97,55.25,54.231,54.3,5153,956525
2021-08-20,55.6,55.37,54.71,55.47,3420,903803
2021-08-23,56.16,55.88,55.38,55.86,3737,848010
2021-08-24,56.68,56.61,55.74,55.78,3277,749322
2021-08-25,58.03,57.74,56.46,56.46,4514,1147062
2021-08-26,57.97,57.38,57.165,57.65,4404,850475
2021-08-27,58.41,58.32,57.61,57.61,3771,930329
2021-08-30,58.89,58.03,58.02,58.52,3879,958775
2021-08-31,58.01,57.6,56.95,58.0,4611,1525455
2021-09-01,57.97,57.89,56.75,57.59,4061,820170
2021-09-02,58.29,57.92,57.475,58.15,3785,911706
2021-09-03,57.86,57.41,57.27,57.68,3665,843128
2021-09-07,56.99,56.22,56.19,56.32,5203,1426752
2021-09-08,56.93,56.66,55.82,56.08,4099,838761
2021-09-09,57.39,56.73,56.41,56.81,3555,684046
2021-09-10,57.21,56.43,56.4,57.16,3365,643364
2021-09-13,57.05,55.74,55.19,56.94,4731,815927
2021-09-14,56.03,54.98,54.59,56.0,6309,1899456
2021-09-15,55.895,55.76,54.83,54.99,4154,1173820
2021-09-16,55.86,55.07,54.695,55.67,5824,1561136
2021-09-17,55.08,55.0,54.58,54.77,6380,8495460
2021-09-20,54.6,53.82,53.06,53.95,7044,1512285
2021-09-21,54.16,51.69,51.67,54.11,6915,1735553
2021-09-22,53.12,52.59,52.1,52.17,6107,2051707
2021-09-23,54.17,53.49,52.98,52.98,4172,1170141
2021-09-24,53.43,53.12,52.83,52.89,2830,705834
2021-09-27,53.12,52.37,52.28,52.9,3675,740907
2021-09-28,52.17,51.96,51.32,51.77,5325,2040159
2021-09-29,53.05,52.85,52.2,52.27,4514,1270701
2021-09-30,53.49,51.76,51.73,53.14,6895,2254055
2021-10-01,52.75,52.46,51.15,51.86,4298,1189231
2021-10-04,52.51,52.33,51.56,52.06,5016,1086161
2021-10-05,53.42,52.82,52.29,52.62,3677,1068204
2021-10-06,52.7,52.61,51.61,52.13,4051,790177
2021-10-07,53.98,53.35,53.24,53.24,2889,607686
2021-10-08,53.11,51.5,51.465,52.94,3317,957261
2021-10-11,51.95,51.25,51.21,51.36,3286,849626
2021-10-12,51.295,50.3,50.08,51.25,5757,1350269
2021-10-13,50.97,50.73,49.93,50.73,4975,1079054
2021-10-14,53.04,53.01,51.3,51.37,4857,2141955
2021-10-15,53.92,53.43,53.06,53.57,3576,1224806
2021-10-18,54.01,53.98,52.92,52.98,2627,734578
2021-10-19,54.42,53.97,53.39,54.4,3773,859236
2021-10-20,54.57,54.02,53.72,54.22,2881,827184
2021-10-21,54.34,54.32,53.55,53.79,2722,761252
2021-10-22,55.08,54.66,54.395,54.77,3404,776817
2021-10-25,55.32,54.6,53.35,54.12,3783,959614
2021-10-26,54.76,53.73,53.68,54.7,2976,654534
2021-10-27,54.27,53.16,53.09,53.66,3615,923500
2021-10-28,54.5,54.42,52.64,53.21,3855,842442
2021-10-29,54.05,52.23,52.05,53.56,3972,1235162
2021-11-01,52.67,52.17,51.88,52.35,3530,868835
2021-11-02,53.0,52.4,51.89,52.49,3683,995395
2021-11-03,52.49,51.97,51.18,51.95,3849,962098
2021-11-04,53.02,52.97,51.92,51.92,3846,951451
2021-11-05,53.44,52.79,52.42,53.21,3821,918319
2021-11-08,53.42,53.34,52.37,53.11,3339,721680
2021-11-09,54.86,54.81,53.5,53.57,4572,1010756
2021-11-10,55.05,54.63,54.41,54.94,4866,928061
2021-11-11,54.84,54.5,53.91,54.79,3261,633635
2021-11-12,56.16,56.12,54.8,54.9,3307,756779
2021-11-15,56.31,55.7,55.51,56.06,4110,809866
2021-11-16,56.63,56.26,55.52,55.52,3079,832500
2021-11-17,56.53,56.12,55.95,56.5,3162,673174
2021-11-18,57.055,57.02,56.2,56.55,4473,1212751
2021-11-19,57.96,57.15,57.05,57.26,5692,1496199
2021-11-22,57.59,56.41,56.4,57.37,5258,1379447
2021-11-23,56.6,54.87,54.53,56.3,7318,1510686
2021-11-24,55.82,55.69,54.41,54.58,4138,1311225
2021-11-26,55.66,55.38,54.64,54.82,6122,1137588
2021-11-29,56.16,55.98,55.03,56.16,4446,1352097
2021-11-30,56.04,54.12,53.67,55.87,10806,5921615
2021-12-01,55.88,53.6,53.55,54.79,7907,1881080
2021-12-02,55.7,55.52,53.95,53.95,6863,1395132
2021-12-03,56.17,56.12,54.97,55.86,7753,1403612
2021-12-06,56.5,55.85,55.65,56.37,5538,1330421
2021-12-07,57.66,56.64,55.77,56.14,5269,1149710
2021-12-08,56.66,56.44,55.97,56.6,4098,1106173
2021-12-09,57.01,55.99,55.92,56.72,4244,1022486
2021-12-10,55.835,55.51,54.57,55.06,5032,1030764
2021-12-13,56.0,54.93,54.89,55.82,4562,1333495
2021-12-14,54.78,53.55,52.91,54.16,5464,1432911
2021-12-15,53.66,53.55,52.09,53.64,8034,1793791
2021-12-16,54.67,53.87,53.36,54.02,5671,1258156
2021-12-17,53.64,52.26,51.99,53.55,6795,4093232
2021-12-20,52.02,50.91,50.36,51.9,4949,1216517
2021-12-21,52.16,52.13,51.18,51.43,3666,902548
2021-12-22,52.64,52.52,51.68,51.87,2774,913456
2021-12-23,53.185,52.82,52.51,52.54,2315,794375
2021-12-27,53.59,53.53,52.93,53.28,2401,528367
2021-12-28,53.76,53.48,53.24,53.45,3491,761733
2021-12-29,53.86,53.74,53.14,53.44,3248,818729
2021-12-30,54.22,53.55,53.5,54.02,2645,513327
2021-12-31,54.55,54.24,53.38,53.54,3302,1096982
2022-01-03,53.6,52.52,52.23,53.15,6626,1293076
2022-01-04,54.63,53.82,53.23,54.27,6802,1889700
2022-01-05,54.42,52.37,52.31,53.6,5909,1373722
2022-01-06,53.51,53.5,52.45,52.45,4878,965129
2022-01-07,53.83,51.84,51.83,53.33,4301,1463211
2022-01-10,52.44,52.32,50.34,51.23,6063,1091757
2022-01-11,52.68,52.54,51.91,52.52,4020,850990
2022-01-12,53.38,53.0,52.46,53.19,3702,759082
2022-01-13,53.32,52.2,52.07,53.0,3197,1066627
2022-01-14,51.48,51.1,50.19,51.48,4681,986423
2022-01-18,50.37,49.65,49.22,50.2,6628,1244461
2022-01-19,50.26,48.79,48.73,49.86,5312,1001723
2022-01-20,50.18,48.03,48.0,49.19,5814,1152153
2022-01-21,48.86,47.8,47.49,48.26,7289,1518682
2022-01-24,47.8,47.66,45.32,45.61,18666,2873360
2022-01-25,47.56,47.21,46.14,47.06,10828,1679845
2022-01-26,48.28,46.67,46.08,47.82,11256,1660268
2022-01-27,47.51,46.09,45.94,46.98,9121,1327147
2022-01-28,46.67,46.45,45.48,46.2,15959,2522854
2022-01-31,47.74,47.68,46.28,46.44,9321,2009215
2022-02-01,48.07,47.05,46.38,48.0,7885,1567942
2022-02-02,48.15,47.51,47.19,47.25,8364,1760544
2022-02-03,47.31,46.24,46.17,46.85,9184,2021999
2022-02-04,46.47,45.84,44.84,45.97,9865,2191823
2022-02-07,46.12,45.72,45.37,45.65,8269,2076423
2022-02-08,46.93,46.06,45.25,45.54,7587,1456493
2022-02-09,48.075,47.98,46.84,46.98,6174,1380605
2022-02-10,48.18,47.15,46.76,47.22,7927,1485119
2022-02-11,47.22,45.5,44.99,47.04,8209,2095352
2022-02-14,45.75,44.79,44.29,45.52,8024,1545382
2022-02-15,45.85,45.75,45.34,45.56,6101,1384858
2022-02-16,45.91,45.65,45.0,45.46,4985,1367136
2022-02-17,45.5,44.58,44.46,45.16,5582,1327217
2022-02-18,44.88,44.08,43.97,44.74,5862,1789157
2022-02-22,45.64,45.29,43.77,43.99,8314,1943003
2022-02-23,45.79,43.84,43.76,45.76,6502,1447470
2022-02-24,44.82,44.71,42.5,42.75,7673,1628873
2022-02-25,45.46,45.23,44.13,44.72,5990,1316369
2022-02-28,45.1,44.88,44.24,44.46,6262,1932620
2022-03-01,45.16,43.72,43.48,45.16,6484,1794413
2022-03-02,45.17,44.91,44.035,44.14,6296,1659689
2022-03-03,45.91,45.88,44.99,45.38,7012,2290789
2022-03-04,45.6,45.0,44.33,45.19,7948,1910705
2022-03-07,45.02,43.52,43.47,45.0,7280,1552531
2022-03-08,44.41,43.58,42.86,43.4,8984,1582528
2022-03-09,45.13,44.59,44.16,44.44,6017,1325669
2022-03-10,44.18,43.81,43.57,43.93,4938,957420
2022-03-11,44.28,43.22,43.19,44.28,4227,1179462
2022-03-14,44.1,42.91,42.84,43.55,5528,2129067
2022-03-15,45.32,45.2,43.42,43.5,7382,1560031
2022-03-16,47.07,46.88,45.58,45.78,7117,1631885
2022-03-17,47.12,47.12,46.18,46.21,4908,1200110
2022-03-18,47.83,47.78,46.67,47.16,4574,3703175
2022-03-21,47.93,47.48,46.99,47.28,4878,1251026
2022-03-22,47.93,47.49,47.03,47.59,3921,1249508
2022-03-23,47.29,46.52,46.45,46.86,3599,786229
2022-03-24,46.69,46.17,46.04,46.69,3279,772507
2022-03-25,46.43,46.39,45.56,46.19,4243,937458
2022-03-28,46.905,46.89,46.09,46.44,3898,885058
2022-03-29,48.47,48.08,47.47,47.73,4654,901800
2022-03-30,48.22,47.57,47.365,47.88,3680,888072
2022-03-31,47.53,45.87,45.83,47.29,4603,1890550
2022-04-01,46.41,46.04,45.65,46.3,3940,949682
2022-04-04,45.62,45.25,44.69,45.51,5476,1328004
2022-04-05,45.17,44.54,44.345,45.04,4255,1114974
2022-04-06,44.03,43.88,43.32,43.97,5730,1291015
2022-04-07,44.01,43.69,43.08,43.33,5661,1249625
2022-04-08,44.4,43.38,43.17,43.84,5006,1062369
2022-04-11,43.23,42.44,42.305,42.81,5603,1425168
2022-04-12,43.2,41.78,41.525,42.66,6935,1708373
2022-04-13,42.38,42.11,41.65,41.8,4265,1195694
2022-04-14,42.33,41.28,41.27,42.12,4859,1100631
2022-04-18,41.78,41.29,40.96,41.33,4914,987675
2022-04-19,42.55,42.5,41.41,41.45,4237,933514
2022-04-20,43.74,43.45,42.86,42.86,5840,1081577
2022-04-21,44.67,42.82,42.57,44.0,6194,1326167
2022-04-22,42.55,41.67,41.61,42.46,6478,1249539
2022-04-25,42.02,41.96,40.78,41.4,6896,1079591
2022-04-26,41.76,40.05,39.93,41.6,7973,1495750
2022-04-27,40.92,40.26,40.0,40.09,8774,1407199
2022-04-28,39.65,39.41,37.0,37.0,23289,4365382
2022-04-29,39.59,38.27,38.105,39.56,12198,3233246
2022-05-02,39.04,38.6,37.63,38.54,18041,3101348
2022-05-03,38.76,38.38,38.05,38.61,14382,2529883
2022-05-04,39.57,39.41,37.315,38.49,14977,2332754
2022-05-05,39.43,37.96,37.57,38.96,11187,1922704
2022-05-06,38.0,37.78,37.07,37.78,11101,1711531
2022-05-09,38.79,38.13,37.02,37.22,14458,2012238
2022-05-10,38.83,38.09,37.22,38.61,14783,2125835
2022-05-11,38.76,37.59,37.53,38.07,12415,1680875
2022-05-12,39.13,39.1,37.4,37.51,15464,2360190
2022-05-13,40.43,40.19,39.59,39.59,12706,1933189
2022-05-16,40.275,39.86,39.27,39.93,10700,1895252
2022-05-17,40.73,40.18,39.33,40.62,9308,1458551
2022-05-18,39.47,37.36,37.205,38.75,8960,1979180
2022-05-19,38.005,37.41,36.91,37.1,8403,1437909
2022-05-20,38.22,37.96,36.98,37.96,9188,1873997
2022-05-23,38.58,38.27,37.67,38.52,6383,1171875
2022-05-24,38.25,37.94,37.01,38.05,6625,1444997
2022-05-25,38.46,38.29,37.62,37.68,6117,1183760
2022-05-26,39.465,39.33,38.7,38.7,5699,1616061
2022-05-27,40.36,40.23,39.76,39.76,6014,1415836
2022-05-31,39.8,39.31,38.8,39.78,8533,8485563
2022-06-01,39.4,38.94,38.51,39.27,6221,1218062
2022-06-02,40.095,40.08,39.01,39.26,4980,1250352
2022-06-03,39.89,39.59,39.45,39.65,6031,1265550
2022-06-06,40.14,39.57,39.56,39.77,5214,1049721
2022-06-07,40.01,39.99,39.15,39.24,5231,1219278
2022-06-08,39.81,39.39,39.17,39.75,4872,915103
2022-06-09,39.6,38.85,38.845,39.19,5001,828005
2022-06-10,38.27,37.34,37.02,38.27,6189,1260062
2022-06-13,37.05,36.49,36.055,36.71,8185,1580160
2022-06-14,36.83,35.94,35.775,36.41,5613,1341100
2022-06-15,37.175,36.77,35.9,36.33,7824,1472152
2022-06-16,35.94,34.58,34.37,35.87,6499,1614102
2022-06-17,35.18,34.41,34.24,34.65,8800,4892609
2022-06-21,35.15,35.01,34.35,34.99,6077,1595160
2022-06-22,35.07,34.78,34.125,34.37,6537,2317066
2022-06-23,34.975,34.82,34.475,34.67,6773,1874369
2022-06-24,36.4,36.3,34.98,35.16,5908,5342734
2022-06-27,36.53,36.11,35.59,36.5,6037,1228747
2022-06-28,36.97,35.99,35.91,36.23,6645,1148040
2022-06-29,35.965,35.79,35.3,35.92,5811,1262004
2022-06-30,36.35,35.66,35.32,35.52,8107,2325552
2022-07-01,36.25,36.0,35.39,35.77,5404,1390091
2022-07-05,36.09,36.07,35.01,35.41,5170,1373869
2022-07-06,36.4,36.18,35.77,36.3,4986,1461828
2022-07-07,36.44,36.4,35.82,36.26,3560,1047733
2022-07-08,36.5,36.07,35.95,36.41,3711,1266279
2022-07-11,36.83,36.53,35.75,35.91,4467,1174347
2022-07-12,37.18,36.13,35.94,36.54,4106,1184576
2022-07-13,35.97,35.73,35.2,35.52,4171,1006167
2022-07-14,35.69,35.61,34.69,35.0,4240,1121797
2022-07-15,36.25,36.0,35.57,36.12,4335,1367771
2022-07-18,36.33,35.55,35.4,36.1,3679,939226
2022-07-19,37.3,37.17,35.93,36.0,3501,972275
2022-07-20,37.53,37.39,36.97,37.15,4114,906444
2022-07-21,38.315,38.27,37.23,37.4,3528,891712
2022-07-22,38.63,38.5,38.07,38.4,4477,1847454
2022-07-25,38.61,38.23,37.96,38.37,3533,1034512
2022-07-26,38.255,38.09,37.19,37.9,4940,1400536
2022-07-27,39.65,39.54,38.06,38.32,5734,1488548
2022-07-28,40.06,39.48,38.16,39.9,8040,1794776
2022-07-29,40.62,40.53,39.27,39.73,4280,1769945
2022-08-01,41.02,40.57,40.15,40.15,4897,1163860
2022-08-02,41.13,40.41,40.22,40.41,4790,1601986
2022-08-03,40.87,40.76,39.9,40.51,4291,1236992
2022-08-04,41.895,41.81,40.8,40.8,4726,1397303
2022-08-05,41.92,41.88,41.28,41.55,4830,1351966
2022-08-08,42.67,41.94,41.91,42.3,3896,916991
2022-08-09,41.89,41.76,41.48,41.66,3734,1043193
2022-08-10,43.185,42.86,42.53,42.64,4315,1077904
2022-08-11,43.91,43.05,43.025,43.06,4787,1027531
2022-08-12,43.99,43.97,43.05,43.26,4380,1073486
2022-08-15,44.5,44.41,43.52,43.76,4447,897341
2022-08-16,44.6,44.39,43.96,43.96,4122,885403
2022-08-17,44.455,44.13,43.78,43.86,3860,787297
2022-08-18,44.4,44.3,43.99,44.23,2331,530858
2022-08-19,44.08,42.48,42.33,44.0,5543,1675142
2022-08-22,41.92,41.62,41.4,41.89,4553,1260885
2022-08-23,41.85,41.46,41.19,41.62,3742,896987
2022-08-24,41.77,41.66,41.335,41.45,3257,786718
2022-08-25,42.25,41.99,41.6,42.0,3441,925104
2022-08-26,42.24,40.24,40.2,42.17,3572,894686
2022-08-29,40.275,39.74,39.73,39.84,3506,902067
2022-08-30,40.08,39.31,39.22,39.81,4543,1341299
2022-08-31,39.6,39.12,38.97,39.57,3980,1948549
2022-09-01,39.82,39.79,39.0,39.03,5829,1614924
2022-09-02,40.79,39.58,39.355,40.7,4585,1076895
2022-09-06,40.31,40.3,39.18,39.74,5267,1462548
2022-09-07,41.525,41.5,40.35,40.43,4064,891587
2022-09-08,42.16,42.12,41.06,41.14,5344,1232027
2022-09-09,42.64,42.17,41.93,42.27,3968,918090
2022-09-12,42.75,42.29,41.96,42.48,3864,1037139
2022-09-13,41.79,40.88,40.81,41.22,4027,931033
2022-09-14,40.87,40.18,39.77,40.82,4949,1261358
2022-09-15,40.64,40.4,39.9,40.0,4469,1279746
2022-09-16,40.07,38.44,38.12,40.07,5440,3605892
2022-09-19,38.89,38.82,38.03,38.14,4743,1133908
2022-09-20,38.58,37.81,37.25,38.49,4011,1039377
2022-09-21,38.7,37.51,37.46,38.06,5422,1178987
2022-09-22,37.38,36.2,36.19,37.25,4568,1079727
2022-09-23,36.39,36.11,35.63,35.95,5390,1148529
2022-09-26,36.17,35.28,34.95,35.87,4698,894192
2022-09-27,35.76,35.55,35.02,35.72,5422,1223976
2022-09-28,37.185,36.9,35.49,35.59,5634,1261316
2022-09-29,36.6,35.62,35.36,36.48,4033,1182443
2022-09-30,36.35,35.56,35.46,35.74,4915,1692344
2022-10-03,37.22,36.81,35.7,35.93,4678,1101250
2022-10-04,38.62,38.58,37.45,37.45,5154,1098918
2022-10-05,38.52,38.2,37.69,37.92,4511,978894
2022-10-06,38.21,37.21,36.98,37.99,6699,1680308
2022-10-07,36.85,35.33,35.02,36.7,7315,1746952
2022-10-10,36.04,35.6,35.39,35.69,6192,1145095
2022-10-11,35.95,35.15,34.98,35.45,6490,1451939
2022-10-12,35.38,34.88,34.77,35.19,5498,1290070
2022-10-13,35.14,34.85,33.12,33.89,10994,2137602
2022-10-14,35.8,34.57,34.35,35.1,7481,2222645
2022-10-17,35.99,35.55,34.935,35.52,5768,1541067
2022-10-18,36.78,36.32,35.85,36.6,4841,1064241
2022-10-19,35.89,34.89,34.575,35.82,6165,1138950
2022-10-20,35.25,34.06,33.94,34.89,5593,1098118
2022-10-21,35.35,35.19,33.96,34.2,4857,1500763
2022-10-24,36.06,35.85,35.24,35.48,4070,930156
2022-10-25,37.32,37.29,35.78,35.78,5551,1328253
2022-10-26,37.93,37.14,37.08,37.37,4975,1426395
2022-10-27,38.58,37.88,37.53,38.05,8008,1922453
2022-10-28,39.98,39.95,37.44,37.62,6544,1689607
2022-10-31,39.99,39.76,39.43,39.51,6129,1917765
2022-11-01,40.4,39.71,39.41,40.32,5072,897842
2022-11-02,40.96,39.12,39.1,39.73,10169,1891820
2022-11-03,39.76,39.37,38.0,38.09,6064,1231280
2022-11-04,40.35,40.28,39.45,40.22,6017,1090543
2022-11-07,41.12,41.04,40.14,40.41,5269,1173998
2022-11-08,41.88,41.41,40.91,41.19,4868,910188
2022-11-09,41.35,40.34,40.28,41.06,6317,977663
2022-11-10,43.71,43.48,42.22,42.33,7110,1425630
2022-11-11,44.75,44.44,43.2,43.4,6253,1057291
2022-11-14,44.43,43.61,43.59,44.01,4583,965422
2022-11-15,44.88,44.35,43.85,44.52,5225,978720
2022-11-16,44.46,43.86,43.545,44.35,4552,903470
2022-11-17,43.32,43.04,42.13,43.24,4856,879422
2022-11-18,44.21,43.92,43.36,43.99,5929,1320743
2022-11-21,44.04,43.89,43.6,43.88,3830,701800
2022-11-22,44.3,44.04,43.75,44.25,3662,764658
2022-11-23,44.63,44.16,43.88,44.11,4149,810727
2022-11-25,44.4,44.21,44.12,44.2,1560,265963
2022-11-28,44.19,43.31,43.14,43.85,3665,690601
2022-11-29,43.73,43.52,43.09,43.17,3385,808870
2022-11-30,44.39,44.32,42.15,43.37,7102,3645220
2022-12-01,45.2,44.93,44.4,44.89,5059,1064413
2022-12-02,44.99,44.68,44.14,44.14,6179,1251192
2022-12-05,44.04,43.76,43.2,43.97,7498,1427180
2022-12-06,43.875,43.02,42.5,43.85,4627,735449
2022-12-07,43.59,43.08,42.75,43.05,5181,931360
2022-12-08,43.75,43.47,43.12,43.24,4341,806578
2022-12-09,43.6,43.02,42.95,43.36,3831,988051
2022-12-12,43.305,43.26,42.39,42.61,3883,988117
2022-12-13,45.0,44.32,43.8,44.72,8243,1927490
2022-12-14,44.61,43.8,43.38,44.59,4420,1099449
2022-12-15,43.29,42.46,42.07,43.14,5926,1373415
2022-12-16,42.18,41.75,41.52,41.96,5638,2916214
2022-12-19,42.13,41.5,41.175,41.84,4388,1121188
2022-12-20,41.63,41.37,41.25,41.36,3538,785073
2022-12-21,42.21,42.09,41.56,41.73,3242,852409
2022-12-22,41.785,41.68,41.03,41.54,3995,788680
2022-12-23,41.815,41.79,41.29,41.53,3626,608817
2022-12-27,42.41,41.87,41.61,41.68,3181,545182
2022-12-28,42.01,40.96,40.94,41.84,3746,635514
2022-12-29,41.99,41.85,41.1,41.4,2432,643028
2022-12-30,41.53,41.25,40.84,41.42,2595,716808
2023-01-03,42.08,41.61,41.15,41.94,4439,935570
2023-01-04,42.58,42.03,41.74,42.37,4891,966831
2023-01-05,41.94,41.53,41.13,41.51,4424,1071608
2023-01-06,43.345,43.13,41.73,41.87,3475,790793
2023-01-09,44.2,43.5,43.0,43.31,3686,967090
2023-01-10,44.09,44.0,43.23,43.23,4915,883903
2023-01-11,45.245,45.19,44.27,44.49,6052,1852677
2023-01-12,45.65,45.25,44.92,45.5,5414,1093082
2023-01-13,46.06,45.87,45.01,45.04,3786,752818
2023-01-17,46.11,45.43,45.31,45.95,4150,1131475
2023-01-18,45.65,43.52,43.4,45.65,6397,1442145
2023-01-19,43.14,41.91,41.89,43.14,5159,1476762
2023-01-20,42.64,42.57,41.78,42.0,4891,1860444
2023-01-23,43.28,43.28,42.43,42.59,3497,1078369
2023-01-24,44.03,43.7,42.87,43.33,3812,909154
2023-01-25,43.605,43.51,42.8,43.19,3527,924113
2023-01-26,43.95,43.65,43.19,43.79,3075,617484
2023-01-27,43.98,43.62,43.42,43.49,2561,643839
2023-01-30,43.99,43.58,43.38,43.38,4308,967461
2023-01-31,45.61,45.53,44.05,44.2,5678,1886743
2023-02-01,46.56,46.14,44.63,45.16,8263,1653291
2023-02-02,47.485,47.13,46.555,46.74,5605,1215195
2023-02-03,47.4,46.89,46.54,46.54,5847,1217985
2023-02-06,46.73,46.15,45.925,46.29,4884,1361087
2023-02-07,44.66,44.39,43.57,44.12,8549,2060491
2023-02-08,45.34,45.06,44.33,44.61,5338,1390468
2023-02-09,46.02,44.92,44.87,45.45,5587,1196061
2023-02-10,45.015,44.83,44.42,44.67,4877,1066743
2023-02-13,45.63,45.44,44.8,44.93,3990,906812
2023-02-14,45.59,45.13,44.78,45.21,5168,1054871
2023-02-15,45.5,45.48,44.65,44.65,3889,914642
2023-02-16,45.63,45.23,44.47,44.59,4711,992360
2023-02-17,45.275,45.22,44.57,45.06,4631,971601
2023-02-21,44.84,43.83,43.66,44.74,6816,1460884
2023-02-22,44.23,43.6,43.4,44.09,6859,1388737
2023-02-23,44.58,44.45,43.74,43.92,5915,1357703
2023-02-24,44.45,44.25,43.61,43.82,6589,1176444
2023-02-27,45.1,44.96,44.65,44.75,4725,1262550
2023-02-28,45.65,45.03,44.81,44.85,6353,3187263
2023-03-01,45.67,45.59,44.86,44.89,6728,2043508
2023-03-02,46.195,46.09,45.2,45.24,5606,1698325
2023-03-03,47.92,47.79,46.32,46.45,6816,2013927
2023-03-06,48.67,48.38,47.64,47.79,7236,2276133
2023-03-07,49.16,47.55,47.5,48.4,11268,2356050
2023-03-08,47.92,47.39,46.92,47.74,6116,1332172
2023-03-09,47.51,46.15,46.06,47.46,6511,1601123
2023-03-10,46.74,45.64,45.14,46.23,9761,1790877
2023-03-13,45.41,44.75,44.54,45.12,11413,1700444
2023-03-14,46.47,45.75,45.27,45.68,7454,1649691
2023-03-15,44.73,43.31,42.34,44.73,12930,2509976
2023-03-16,44.73,44.48,42.73,42.88,8075,1736701
2023-03-17,44.16,43.75,43.01,44.11,6999,4406695
2023-03-20,45.15,44.99,44.06,44.12,6238,1315040
2023-03-21,45.94,45.2,44.975,45.61,5269,1294830
2023-03-22,45.63,44.18,44.11,45.17,8196,1483157
2023-03-23,45.191,44.3,43.87,44.23,6671,1374916
2023-03-24,43.93,43.92,43.01,43.69,7526,1609843
2023-03-27,44.85,44.3,44.07,44.69,4637,1065136
2023-03-28,45.37,44.75,44.53,45.18,3355,705631
2023-03-29,45.59,45.38,45.01,45.26,4324,1029208
2023-03-30,45.85,45.09,44.98,45.66,4453,1283754
2023-03-31,46.08,45.75,45.33,45.76,4699,1782216
2023-04-03,45.95,45.69,45.23,45.51,3951,933651
2023-04-04,45.74,42.89,42.645,45.6,7692,1862173
2023-04-05,43.075,42.1,41.71,42.82,8167,1902021
2023-04-06,42.31,41.8,41.29,42.11,5726,1445289
2023-04-10,42.32,42.3,41.48,41.8,3526,935510
2023-04-11,44.92,43.52,42.35,42.44,10631,2314389
2023-04-12,44.345,43.86,43.58,44.02,6359,1309618
2023-04-13,44.31,44.1,43.12,43.76,3957,1493513
2023-04-14,44.85,44.3,43.87,44.32,5215,1434914
2023-04-17,44.91,44.77,44.365,44.5,5076,1122967
2023-04-18,45.43,44.81,44.55,45.25,4069,1062916
2023-04-19,45.11,44.98,44.53,44.53,4173,1373605
2023-04-20,45.48,45.38,44.57,44.78,4688,1356346
2023-04-21,45.52,45.22,45.02,45.38,4993,1265860
2023-04-24,47.21,41.93,41.54,45.37,21995,4988631
2023-04-25,43.27,42.32,42.11,42.5,8177,2395896
2023-04-26,41.46,40.65,40.41,41.19,11406,3248550
2023-04-27,41.53,41.46,40.49,41.14,8489,2192742
2023-04-28,42.29,41.82,41.46,41.56,5406,1605211
2023-05-01,41.96,41.17,41.035,41.62,5837,1422296
2023-05-02,41.85,41.82,40.35,41.48,5213,1638901
2023-05-03,42.55,41.09,40.82,41.9,7421,1898709
2023-05-04,41.11,41.1,40.29,40.65,11293,2546445
2023-05-05,42.47,42.38,41.7,41.93,5034,1611295
2023-05-08,43.03,42.6,42.21,42.89,7058,1904985
2023-05-09,43.07,42.78,42.375,42.51,5746,1260337
2023-05-10,43.5,43.08,42.485,43.38,6529,1705891
2023-05-11,43.11,42.83,42.57,43.09,5756,1247874
2023-05-12,43.07,42.4,41.81,42.89,4378,1118946
2023-05-15,42.88,42.81,41.97,42.12,4086,1245536
2023-05-16,42.86,42.15,42.02,42.44,5046,1656202
2023-05-17,43.23,42.9,42.37,42.37,4523,1210687
2023-05-18,43.39,43.27,42.595,42.71,3207,942376
2023-05-19,43.64,42.79,42.47,43.64,5114,1780212
2023-05-22,43.08,42.43,42.3,42.71,4128,1106749
2023-05-23,42.295,41.51,41.27,41.99,4321,1018659
2023-05-24,41.55,41.3,40.965,41.47,4405,1212079
2023-05-25,41.65,41.2,40.995,41.61,4103,1563242
2023-05-26,41.52,40.89,40.73,41.52,5184,1479394
2023-05-30,41.82,41.75,40.55,40.98,7372,1972168
2023-05-31,41.48,40.9,40.49,41.17,7211,3591896
2023-06-01,41.525,41.5,40.72,41.04,5105,1229812
2023-06-02,43.63,43.44,42.04,42.08,7619,1669702
2023-06-05,43.6,43.2,42.89,43.57,4928,1023875
2023-06-06,44.18,43.85,43.02,43.15,3362,987627
2023-06-07,45.62,45.6,43.86,43.99,6092,1832810
2023-06-08,45.62,45.6,44.1,44.1,5349,1673409
2023-06-09,45.88,45.3,44.72,45.83,5555,1446352
2023-06-12,46.06,45.83,44.9,45.28,4625,1509504
2023-06-13,46.86,46.77,46.41,46.5,4623,1082944
2023-06-14,47.18,46.16,45.79,47.13,6719,1691538
2023-06-15,46.72,46.54,45.4,45.81,5078,1407073
2023-06-16,47.41,46.88,46.54,47.17,5605,4332601
2023-06-20,47.63,47.61,46.47,46.53,5776,1982701
2023-06-21,48.415,48.22,47.28,47.38,6783,1993210
2023-06-22,48.04,47.86,47.58,47.99,5290,1621721
2023-06-23,48.43,48.05,47.32,47.52,5098,2384640
2023-06-26,48.995,48.63,48.06,48.06,5076,1331970
2023-06-27,49.59,49.49,48.785,48.99,3666,1361129
2023-06-28,49.63,49.32,49.13,49.25,3535,1133982
2023-06-29,49.68,49.49,49.21,49.31,3969,1208165
2023-06-30,50.08,49.71,49.43,49.64,4125,1827475
2023-07-03,50.16,50.04,49.57,49.73,2551,597811
2023-07-05,50.16,49.24,49.23,49.93,3277,848846
2023-07-06,49.15,49.07,48.37,49.04,5703,1534999
2023-07-07,49.91,49.33,48.82,48.82,3689,1039086
2023-07-10,51.28,51.26,49.51,49.59,5091,1828356
2023-07-11,53.03,53.0,51.52,51.52,7968,2201033
2023-07-12,53.9,53.12,52.645,53.51,8273,1809802
2023-07-13,53.5,53.12,52.73,53.27,5654,1290333
2023-07-14,54.05,53.84,52.89,53.0,6667,2051513
2023-07-17,54.705,54.56,53.51,53.85,5836,1617249
2023-07-18,55.26,55.24,54.66,54.66,4516,1283845
2023-07-19,55.575,55.23,54.8,55.04,7201,2072067
2023-07-20,55.5,54.67,54.26,55.5,6537,1465454
2023-07-21,54.59,53.75,53.44,54.59,8765,2206043
2023-07-24,54.49,53.81,53.55,53.55,4245,1122940
2023-07-25,54.2,53.91,53.4,53.5,4428,1219517
2023-07-26,54.44,54.43,53.64,53.69,6985,1805341
2023-07-27,57.12,56.75,53.99,54.0,9589,1902379
2023-07-28,59.17,58.99,57.24,57.38,7738,2015956
2023-07-31,59.8,59.55,58.81,58.98,5621,1853111
2023-08-01,60.035,59.8,59.07,59.25,5292,1341291
2023-08-02,59.61,58.98,58.49,59.55,6381,1444935
2023-08-03,59.0,58.1,58.05,59.0,5953,1213102
2023-08-04,58.44,57.08,56.45,58.44,8336,1934675
2023-08-07,58.31,58.1,57.105,57.32,4814,977238
2023-08-08,57.545,57.39,56.25,57.41,5398,1143777
2023-08-09,57.3,56.16,55.6,57.3,6380,1500622
2023-08-10,56.56,55.4,55.295,56.25,4775,1370824
2023-08-11,56.04,55.54,55.03,55.28,4604,1380778
2023-08-14,56.3,56.02,55.03,55.09,4382,931788
2023-08-15,55.88,55.41,55.3,55.64,4939,972671
2023-08-16,56.08,54.47,54.29,55.26,5232,1428659
2023-08-17,54.38,53.05,52.625,54.35,8386,1907575
2023-08-18,53.59,53.39,52.64,52.75,6819,1666469
2023-08-21,53.72,53.57,52.85,53.17,4433,1441059
2023-08-22,54.09,53.8,53.55,53.91,4357,1098569
2023-08-23,55.76,55.23,53.95,53.96,5845,1866559
2023-08-24,55.8,53.93,53.89,55.04,5772,1345582
2023-08-25,55.43,55.02,53.84,54.48,5085,983165
2023-08-28,56.11,55.57,55.32,55.47,2932,962869
2023-08-29,56.88,56.76,55.29,55.41,4099,1026574
2023-08-30,57.39,57.18,56.75,56.75,3791,828206
2023-08-31,58.08,57.45,57.3,57.3,4298,1815906
2023-09-01,58.25,57.94,57.6,57.73,3776,820141
2023-09-05,58.25,56.42,56.03,57.88,5255,1051693
2023-09-06,57.25,56.4,56.06,56.4,4331,1023928
2023-09-07,57.49,57.25,55.86,56.12,4496,1307573
2023-09-08,59.23,58.66,57.11,57.2,8087,1734801
2023-09-11,59.44,58.94,58.24,59.05,5112,1134847
2023-09-12,59.17,56.58,56.27,58.62,8286,1774788
2023-09-13,56.53,55.24,54.62,56.45,7654,1813056
2023-09-14,55.79,54.76,53.63,55.52,7396,1677770
2023-09-15,54.76,54.46,53.89,54.33,5243,3119071
2023-09-18,55.03,54.39,54.12,54.57,3415,934604
2023-09-19,54.2,53.85,52.17,54.11,6300,1590728
2023-09-20,54.7,53.83,53.77,54.3,3781,870869
2023-09-21,53.49,52.56,52.3,53.28,5555,1172456
2023-09-22,53.39,52.87,52.4,52.81,5170,1071788
2023-09-25,53.72,53.58,52.7,52.82,4047,922392
2023-09-26,54.64,52.72,52.24,53.1,9302,1700767
2023-09-27,55.38,55.08,53.42,53.42,8553,2284014
2023-09-28,57.12,55.94,54.97,54.97,7267,1347361
2023-09-29,56.5,55.2,54.94,56.38,6266,1661857
2023-10-02,55.58,54.56,54.14,55.01,6380,1320342
2023-10-03,54.43,53.52,52.91,54.24,6182,1320016
2023-10-04,54.84,54.61,53.17,53.7,7241,1765321
2023-10-05,54.26,53.51,53.02,53.14,7609,1660548
2023-10-06,54.63,54.28,51.52,51.84,6508,1518973
2023-10-09,55.07,55.02,53.37,53.94,3638,810750
2023-10-10,56.1,55.42,54.93,55.47,4204,915208
2023-10-11,56.19,56.04,55.32,55.46,4324,805904
2023-10-12,55.5,54.48,54.19,55.12,6614,1263063
2023-10-13,54.61,52.56,52.27,54.42,8881,1664290
2023-10-16,54.07,53.15,53.05,53.39,7672,1914413
2023-10-17,53.37,52.9,52.34,52.66,8195,2101796
2023-10-18,52.03,50.15,50.03,52.03,7690,1480394
2023-10-19,50.58,49.0,48.79,49.91,8312,1863024
2023-10-20,48.98,48.28,47.78,48.97,6319,1746611
2023-10-23,49.23,48.5,48.22,48.4,5756,1192992
2023-10-24,49.07,48.15,47.95,48.84,7197,1705794
2023-10-25,48.27,47.04,46.81,47.87,10732,2579315
2023-10-26,50.0,46.4,46.2,49.56,11358,2415656
2023-10-27,46.715,46.5,45.68,46.11,8068,1976467
2023-10-30,47.71,47.37,46.79,47.26,6714,1707434
2023-10-31,48.09,47.66,47.24,47.34,4772,1528477
2023-11-01,50.02,49.66,47.64,48.03,7602,1618326
2023-11-02,50.99,49.97,49.82,50.74,8059,1749299
2023-11-03,52.42,50.53,50.48,50.92,5377,1204689
2023-11-06,50.61,50.27,49.93,50.42,4454,1441874
2023-11-07,50.49,50.45,49.63,50.12,4079,855031
2023-11-08,51.0,50.95,50.36,50.66,5252,1097885
2023-11-09,51.29,50.43,50.31,51.29,4436,905036
2023-11-10,51.64,51.5,50.67,50.98,4513,976253
2023-11-13,51.5,50.94,50.67,51.14,5056,1371162
2023-11-14,53.68,52.81,52.23,52.23,5647,1372406
2023-11-15,53.3,52.35,52.33,52.72,5879,1702486
2023-11-16,52.73,52.68,51.97,52.12,5106,1216904
2023-11-17,53.34,53.22,52.58,52.98,3242,942197
2023-11-20,54.19,53.59,53.01,53.25,5201,1229633
2023-11-21,53.15,52.73,52.53,53.15,3812,970356
2023-11-22,52.99,52.75,52.48,52.79,2975,768978
2023-11-24,53.0,52.98,52.6,52.6,1078,274918
2023-11-27,52.84,52.14,51.94,52.65,3268,932689
2023-11-28,52.22,51.63,51.31,52.14,3546,1288003
2023-11-29,52.96,52.21,51.72,52.25,5561,1481597
2023-11-30,52.05,51.96,51.2,52.0,6685,4421295
2023-12-01,53.33,53.22,52.08,52.18,4685,1220783
2023-12-04,53.49,53.46,52.28,52.69,5372,1155715
2023-12-05,53.3,52.57,52.44,53.23,3905,860236
2023-12-06,53.87,53.01,52.93,53.23,3511,880751
2023-12-07,53.15,52.89,52.56,53.15,3650,761695
2023-12-08,56.86,55.27,54.7,55.98,8020,1774987
2023-12-11,56.24,55.95,55.31,55.31,8028,2019180
2023-12-12,56.445,56.33,54.92,55.61,4351,1200625
2023-12-13,56.93,55.8,54.39,56.5,6926,1628935
2023-12-14,59.18,58.81,56.33,56.33,10005,2245725
2023-12-15,58.58,57.33,57.24,58.24,6997,4278647
2023-12-18,57.44,56.76,56.4,57.44,5094,1157382
2023-12-19,57.39,56.99,56.6,56.9,4911,1208578
2023-12-20,57.505,56.0,55.98,56.58,3537,986813
2023-12-21,56.95,56.92,56.28,56.52,4124,1108860
2023-12-22,57.53,57.1,56.72,57.11,3521,725977
2023-12-26,57.76,57.44,57.1,57.28,2737,940025
2023-12-27,57.96,57.78,57.38,57.38,2862,748217
2023-12-28,58.01,57.64,57.57,57.66,3230,664363
2023-12-29,57.81,57.45,57.28,57.42,2689,744983
2024-01-02,57.34,56.45,56.08,56.89,4950,1060452
2024-01-03,55.96,54.9,54.79,55.96,5156,1128419
2024-01-04,56.1,55.48,54.92,55.03,4983,1143660
2024-01-05,56.2,55.72,55.45,55.69,4012,1317638
2024-01-08,56.46,56.42,55.7,56.0,3503,954989
2024-01-09,56.92,56.8,55.71,55.99,3968,1017270
2024-01-10,57.09,57.04,56.31,56.75,4402,863416
2024-01-11,57.03,56.86,56.18,56.91,4962,1043724
2024-01-12,57.3,56.14,55.97,57.14,4332,877546
2024-01-16,56.0,55.85,55.18,55.55,4342,925212
2024-01-17,55.79,55.06,54.97,55.42,4690,1016919
2024-01-18,55.855,55.4,54.91,55.37,4576,928056
2024-01-19,56.05,55.88,54.77,55.34,6501,1534447
2024-01-22,56.73,56.32,55.94,56.16,3999,1097247
2024-01-23,56.62,55.91,55.57,56.49,4094,872397
2024-01-24,56.28,54.97,54.93,56.28,4063,913696
2024-01-25,56.355,56.31,55.58,55.63,4897,1187776
2024-01-26,56.4,55.51,55.29,56.39,6425,1563941
2024-01-29,56.32,56.31,55.23,55.59,4114,1006508
2024-01-30,56.52,56.33,55.41,55.9,4080,1028424
2024-01-31,56.32,54.71,54.655,56.04,5501,1341529
2024-02-01,55.72,55.59,54.56,55.32,6115,1159054
2024-02-02,56.98,56.78,54.81,55.13,6590,1256003
2024-02-05,57.47,56.26,55.99,56.14,8952,1812304
2024-02-06,56.02,54.31,54.25,54.86,8668,2039420
2024-02-07,55.26,53.83,53.24,54.9,9590,2479327
2024-02-08,55.08,55.06,53.51,54.1,7055,1595377
2024-02-09,56.01,56.01,54.61,54.61,4643,1209440
2024-02-12,56.42,56.04,55.26,55.72,4718,1164676
2024-02-13,54.69,53.97,53.31,54.41,5980,1298233
2024-02-14,55.1,55.0,54.1,54.51,4119,956443
2024-02-15,56.08,56.05,55.07,55.33,3890,857473
2024-02-16,55.66,54.0,53.9,55.58,5830,1328054
2024-02-20,53.72,53.43,53.13,53.36,5749,1632362
2024-02-21,54.08,53.77,53.48,53.64,4437,1109041
2024-02-22,54.22,53.85,53.42,54.22,6586,1419797
2024-02-23,54.57,54.2,53.4,54.0,4847,1333757
2024-02-26,54.351,54.0,53.64,54.13,3818,1113876
2024-02-27,55.13,55.04,53.93,54.48,4912,1750345
2024-02-28,55.61,54.76,54.59,54.93,4898,1274940
2024-02-29,55.76,55.58,54.82,55.1,6078,5628801
2024-03-01,56.53,56.46,55.22,55.22,4278,1312980
